group,age,income,credit_score,debt_ratio,employment_years,approved
Group_A,32,58409.83,602,0.35,4.9,1
Group_B,36,76584.29,564,0.411,6.0,1
Group_B,44,85390.22,622,0.383,4.3,1
Group_B,39,81860.62,634,0.445,2.6,1
Group_A,28,64977.79,558,0.228,3.0,1
Group_A,51,74390.99,671,0.308,6.6,1
Group_A,41,48471.12,746,0.553,5.4,1
Group_B,37,63031.11,590,0.52,8.1,0
Group_B,43,38556.78,686,0.352,6.2,1
Group_B,57,61128.34,708,0.32,6.3,1
Group_A,36,61595.64,674,0.483,8.4,1
Group_B,26,90998.31,693,0.687,11.7,1
Group_B,28,55878.31,694,0.223,11.8,1
Group_A,45,61620.77,623,0.416,11.4,1
Group_A,38,64265.31,785,0.354,9.5,1
Group_A,45,51813.23,767,0.166,14.3,1
Group_A,32,45555.13,763,0.02,7.8,1
Group_B,35,83378.6,751,0.28,7.3,1
Group_A,46,42343.49,570,0.13,15.0,0
Group_A,46,36097.47,745,0.139,0.0,1
Group_B,52,72244.78,726,0.41,5.1,1
Group_A,30,80840.67,572,0.604,11.0,1
Group_A,36,51874.63,665,0.253,9.9,1
Group_A,27,52151.04,699,0.368,16.3,1
Group_A,37,65085.78,797,0.405,6.4,1
Group_B,43,47258.65,731,0.512,4.3,1
Group_A,46,45929.17,619,0.517,4.7,0
Group_B,41,75832.67,799,0.145,7.3,1
Group_B,42,70928.36,683,0.533,12.5,1
Group_A,27,83600.86,662,0.378,12.5,1
Group_B,34,37453.4,657,0.078,5.8,1
Group_A,35,50955.68,566,0.309,7.0,1
Group_A,27,65061.23,672,0.291,3.6,1
Group_B,29,43338.82,715,0.481,4.0,1
Group_B,28,71550.37,653,0.419,10.2,1
Group_B,43,82043.29,709,0.616,12.4,1
Group_A,49,49499.56,619,0.664,3.2,1
Group_A,38,60694.65,670,0.769,7.0,0
Group_B,51,86201.14,702,0.522,5.0,1
Group_A,50,92386.89,693,0.212,9.5,1
Group_A,59,73424.42,568,0.1,4.4,1
Group_A,55,70681.73,649,0.71,0.0,0
Group_A,38,44632.74,797,0.284,10.0,1
Group_B,59,66465.77,646,0.308,4.8,1
Group_A,37,70022.78,681,0.144,5.2,1
Group_B,34,56213.34,674,0.702,7.7,0
Group_A,51,49294.03,790,0.386,7.4,1
Group_B,44,36936.64,770,0.549,7.8,1
Group_B,55,28720.86,737,0.246,0.0,1
Group_A,54,24938.1,612,0.586,8.2,0
Group_B,23,70429.97,705,0.149,0.0,1
Group_B,57,62658.59,720,0.074,9.1,1
Group_B,60,51291.4,631,0.345,10.5,1
Group_B,46,54033.79,619,0.176,0.5,0
Group_B,43,63788.47,799,0.316,7.3,1
Group_B,59,57037.86,659,0.403,10.2,1
Group_A,35,35870.04,793,0.189,4.2,1
Group_A,24,76434.0,750,0.179,8.7,1
Group_A,49,65474.27,709,0.307,0.0,1
Group_A,42,64786.17,712,0.33,10.4,1
Group_A,45,75076.13,582,0.28,6.1,1
Group_A,33,45354.38,694,0.416,5.0,1
Group_B,38,81847.17,779,0.439,9.9,1
Group_A,53,57479.23,728,0.377,12.9,1
Group_A,36,75994.78,691,0.191,7.9,1
Group_B,22,73220.08,800,0.55,12.4,1
Group_A,55,41301.57,667,0.128,0.0,1
Group_B,54,69052.21,637,0.26,8.7,1
Group_A,50,65872.94,691,0.161,5.5,1
Group_B,33,60545.61,734,0.155,2.8,1
Group_B,33,58301.31,560,0.07,0.0,1
Group_A,38,58453.92,700,0.12,8.4,1
Group_A,52,74628.41,737,0.217,9.5,1
Group_B,52,70402.39,661,0.437,11.4,1
Group_B,55,60548.62,757,0.283,10.7,1
Group_B,59,33145.15,725,0.127,2.9,1
Group_B,49,68899.98,830,0.35,11.2,1
Group_A,49,73025.05,627,0.155,11.6,1
Group_A,36,101407.38,738,0.285,5.0,1
Group_A,30,79357.8,609,0.252,6.1,0
Group_B,50,25814.83,567,0.263,2.3,1
Group_B,45,61411.73,538,0.257,11.9,0
Group_A,59,92604.75,718,0.504,0.0,1
Group_A,40,71223.88,693,0.292,8.1,1
Group_A,25,65915.74,646,0.155,3.6,1
Group_A,21,76204.12,556,0.187,1.6,0
Group_B,50,48797.19,632,0.355,0.0,1
Group_B,23,68605.62,680,0.519,5.1,1
Group_B,34,55491.58,736,0.065,0.9,1
Group_A,50,59646.78,679,0.162,6.2,1
Group_A,24,74912.18,698,0.261,13.1,1
Group_B,38,43319.16,654,0.101,6.8,1
Group_B,57,83183.68,802,0.273,14.0,1
Group_B,45,52389.38,609,0.314,2.1,0
Group_B,21,64691.93,631,0.383,0.9,0
Group_A,35,34790.86,646,0.395,1.9,0
Group_B,29,72957.07,718,0.29,5.7,1
Group_A,35,86037.07,607,0.614,16.9,1
Group_A,44,50736.45,690,0.139,0.0,1
Group_A,24,40015.98,692,0.506,8.5,1
Group_A,32,65003.7,631,0.368,3.2,1
Group_B,57,86186.59,703,0.104,5.1,1
Group_A,57,33902.58,609,0.168,1.0,1
Group_B,26,40086.45,602,0.459,9.5,0
Group_B,59,51824.59,687,0.438,5.8,1
Group_A,44,45233.81,564,0.182,10.3,0
Group_A,31,45290.66,530,0.19,6.7,1
Group_B,33,22305.83,717,0.186,0.0,1
Group_A,54,70603.03,753,0.389,10.4,1
Group_A,45,66096.97,647,0.216,0.0,1
Group_A,27,29420.71,633,0.49,0.0,1
Group_A,24,86229.52,750,0.245,2.3,1
Group_B,28,90259.66,600,0.708,2.4,1
Group_B,40,46483.7,585,0.267,11.6,0
Group_B,49,80997.87,730,0.265,5.3,1
Group_B,30,49686.04,681,0.301,11.0,1
Group_B,54,63260.1,755,0.211,3.7,1
Group_A,46,44956.28,530,0.363,7.3,1
Group_B,23,99856.53,582,0.53,7.9,1
Group_B,26,54671.69,681,0.235,8.8,1
Group_B,25,62276.08,709,0.232,4.1,1
Group_B,25,47617.13,739,0.163,4.5,1
Group_A,43,93503.68,692,0.436,4.8,1
Group_A,29,93959.06,692,0.251,0.0,1
Group_A,55,89356.73,653,0.285,5.7,1
Group_A,40,77215.93,791,0.158,4.5,1
Group_B,55,48753.79,603,0.162,8.3,0
Group_B,38,74901.3,705,0.074,6.4,1
Group_A,37,59873.23,611,0.306,11.3,1
Group_B,44,83623.36,717,0.206,6.3,1
Group_A,23,80086.24,607,0.122,3.8,1
Group_A,52,48313.22,732,0.461,6.2,0
Group_A,55,77060.86,688,0.274,8.9,1
Group_A,58,72276.62,802,0.184,0.0,1
Group_B,33,20000.0,660,0.335,3.1,0
Group_A,45,74416.86,710,0.419,3.2,1
Group_B,29,52227.68,625,0.184,7.6,1
Group_B,24,44051.24,660,0.105,8.1,0
Group_A,34,44821.31,687,0.227,6.4,1
Group_B,57,57565.63,573,0.218,0.0,0
Group_B,54,68641.07,581,0.387,0.0,1
Group_A,31,35421.68,722,0.496,5.0,0
Group_A,23,63417.26,670,0.683,4.0,1
Group_A,48,70381.65,638,0.412,6.0,0
Group_A,49,93512.5,628,0.196,4.1,1
Group_A,29,40619.58,631,0.021,12.1,1
Group_B,23,53706.98,688,0.317,0.0,1
Group_B,45,64709.93,711,0.088,7.2,1
Group_A,54,80653.37,534,0.347,9.3,1
Group_A,32,54523.97,779,0.298,8.8,1
Group_B,29,81575.54,774,0.121,9.1,1
Group_A,35,25127.48,517,0.242,9.7,0
Group_A,60,37439.73,756,0.372,3.6,1
Group_A,45,66275.6,754,0.346,1.6,0
Group_B,25,34605.16,680,0.283,0.0,1
Group_A,31,38859.53,589,0.036,4.5,1
Group_B,54,50500.02,751,0.453,2.9,1
Group_B,44,73885.9,663,0.33,10.6,1
Group_A,35,25872.63,718,0.26,4.8,1
Group_B,58,63065.37,835,0.308,1.9,1
Group_A,28,78593.35,698,0.196,1.2,1
Group_B,25,56490.99,616,0.751,14.0,0
Group_B,46,53361.06,656,0.374,5.9,1
Group_B,38,67231.88,625,0.429,2.9,1
Group_A,26,56542.0,710,0.485,6.5,1
Group_B,57,85029.0,624,0.156,13.6,1
Group_A,33,39994.57,647,0.114,4.4,1
Group_A,48,59070.41,590,0.238,8.7,1
Group_A,25,63702.35,671,0.56,10.7,1
Group_B,33,53187.83,692,0.164,0.0,1
Group_B,37,20000.0,492,0.207,3.4,0
Group_A,60,57103.71,698,0.352,10.2,1
Group_B,52,76203.19,677,0.467,3.2,1
Group_A,49,74005.97,626,0.308,7.7,1
Group_B,23,66386.01,822,0.166,3.0,1
Group_A,60,40238.48,747,0.329,4.2,1
Group_B,54,67115.57,603,0.222,3.7,1
Group_A,60,49678.12,739,0.075,8.5,1
Group_B,47,66362.69,767,0.214,6.8,1
Group_A,33,62187.09,689,0.4,6.4,1
Group_A,53,42425.25,705,0.257,16.0,1
Group_A,26,43935.79,704,0.132,13.0,1
Group_B,44,66390.4,534,0.679,0.0,0
Group_B,39,56019.96,667,0.223,4.2,1
Group_A,36,44874.93,663,0.115,15.7,1
Group_B,60,43389.06,780,0.232,3.7,1
Group_B,48,54531.04,703,0.275,14.4,1
Group_B,53,88225.89,659,0.138,4.3,1
Group_B,33,50530.6,674,0.272,5.1,1
Group_A,45,59747.65,752,0.251,9.5,1
Group_A,56,61829.6,667,0.206,5.6,1
Group_B,47,39641.52,631,0.269,8.0,0
Group_B,58,28269.02,661,0.179,12.3,0
Group_B,27,41520.47,746,0.252,9.0,0
Group_A,25,64447.39,715,0.23,6.6,1
Group_A,51,61571.96,683,0.285,12.7,1
Group_B,43,72643.32,693,0.205,9.5,1
Group_B,30,61741.5,641,0.506,3.1,0
Group_B,52,58028.11,666,0.259,13.9,1
Group_B,50,49127.78,634,0.054,8.6,1
Group_B,59,75922.92,659,0.27,5.1,1
Group_A,51,43454.76,774,0.232,0.0,1
Group_A,38,40012.81,605,0.407,0.5,0
Group_B,56,70207.0,632,0.652,12.8,1
Group_B,22,36003.17,592,0.214,13.0,1
Group_A,34,103466.24,577,0.657,6.3,0
Group_A,33,61439.88,667,0.424,0.0,1
Group_B,49,66262.31,637,0.253,1.7,1
Group_A,32,45448.44,803,0.281,0.0,1
Group_A,59,54325.23,660,0.556,0.0,0
Group_B,22,52318.37,770,0.385,14.1,1
Group_B,52,50246.97,748,0.187,14.2,1
Group_B,33,71393.31,665,0.438,1.5,1
Group_A,47,51907.63,828,0.382,6.0,1
Group_B,37,78315.02,699,0.357,0.9,0
Group_A,60,107937.28,786,0.424,5.9,1
Group_A,51,54680.26,778,0.123,12.6,1
Group_B,54,62741.68,709,0.317,10.3,1
Group_B,44,66830.68,733,0.178,9.2,0
Group_B,55,92607.09,724,0.512,5.2,1
Group_B,26,58512.34,600,0.389,11.0,0
Group_B,39,45077.7,684,0.45,8.6,0
Group_A,50,37205.87,755,0.5,7.6,1
Group_A,27,58956.29,787,0.289,5.5,1
Group_A,30,51929.16,630,0.363,7.3,1
Group_A,52,96180.17,717,0.186,7.2,1
Group_B,54,91857.52,691,0.231,3.8,1
Group_A,48,41381.29,672,0.349,2.9,1
Group_B,35,47206.32,705,0.244,2.0,1
Group_B,50,61327.86,695,0.411,2.3,1
Group_B,57,85150.08,718,0.246,5.2,1
Group_B,49,61026.24,781,0.038,4.6,1
Group_B,42,48349.67,735,0.562,3.5,1
Group_A,24,58940.13,702,0.129,3.2,1
Group_A,40,48687.27,811,0.402,7.2,1
Group_B,52,70844.59,758,0.172,11.5,1
Group_A,56,47237.39,674,0.17,6.0,1
Group_A,24,50812.15,595,0.262,5.7,1
Group_B,47,80914.81,611,0.06,2.3,1
Group_A,37,46169.43,745,0.518,5.1,1
Group_B,32,33969.7,636,0.123,10.8,1
Group_B,42,61709.89,609,0.161,10.1,1
Group_B,37,53511.48,627,0.068,9.9,1
Group_A,30,69205.48,632,0.103,9.7,1
Group_A,21,65714.49,740,0.243,7.7,1
Group_B,42,59425.47,669,0.383,7.6,0
Group_A,46,58901.22,584,0.514,7.0,0
Group_B,38,46754.55,682,0.133,4.3,1
Group_B,34,61500.25,696,0.092,6.3,1
Group_B,49,75863.13,646,0.145,6.9,1
Group_A,32,42477.96,761,0.377,8.5,1
Group_A,56,59902.85,651,0.134,6.4,1
Group_B,55,78691.0,758,0.319,14.4,1
Group_A,32,69097.63,722,0.441,1.2,1
Group_A,27,83570.51,745,0.096,9.0,1
Group_B,49,49773.44,603,0.127,5.8,0
Group_B,31,27046.17,687,0.322,6.0,0
Group_B,53,63611.73,676,0.455,2.7,1
Group_B,26,66526.27,580,0.404,10.1,0
Group_A,35,84631.6,757,0.045,8.6,1
Group_B,52,81386.62,623,0.809,9.3,0
Group_B,31,69661.39,637,0.376,6.7,1
Group_A,43,73777.02,609,0.186,4.7,1
Group_B,46,56547.21,729,0.355,5.7,1
Group_B,54,38055.94,573,0.172,7.7,1
Group_B,54,62118.98,723,0.402,0.0,0
Group_B,49,77686.32,753,0.187,9.5,1
Group_B,24,71814.5,718,0.064,15.7,1
Group_A,37,75008.53,730,0.322,7.9,1
Group_A,55,52300.4,733,0.333,4.9,1
Group_B,33,55220.16,614,0.362,5.4,1
Group_B,59,68701.66,780,0.116,8.8,1
Group_B,35,50162.87,648,0.424,5.0,0
Group_B,49,50717.09,675,0.373,9.5,0
Group_B,49,65363.68,657,0.183,5.3,0
Group_B,31,73696.29,714,0.228,12.9,1
Group_B,52,56408.48,642,0.528,12.7,1
Group_B,22,39062.59,685,0.287,4.7,1
Group_B,34,46755.53,594,0.451,5.7,0
Group_B,40,63666.1,762,0.33,5.9,1
Group_B,42,63447.38,727,0.56,6.0,0
Group_A,31,64342.29,660,0.309,2.2,1
Group_A,47,69383.32,647,0.441,1.7,0
Group_A,23,60104.59,725,0.292,11.0,1
Group_B,37,64771.01,630,0.312,10.4,0
Group_A,48,59189.52,689,0.313,10.3,1
Group_A,49,80677.2,761,0.076,5.7,1
Group_B,41,85782.16,623,0.42,13.6,1
Group_A,36,38597.8,706,0.259,5.9,1
Group_B,57,55405.47,702,0.186,9.5,1
Group_A,40,60589.04,673,0.12,0.4,1
Group_A,26,55195.54,645,0.043,5.1,1
Group_B,39,92272.61,765,0.606,5.4,1
Group_A,25,64031.2,638,0.321,5.7,0
Group_A,23,45503.31,553,0.242,0.7,0
Group_B,21,70735.96,725,0.19,8.8,1
Group_B,58,64877.54,596,0.383,10.1,1
Group_A,35,65475.47,728,0.312,3.0,1
Group_B,54,92541.77,773,0.21,1.4,1
Group_A,55,66314.13,724,0.107,2.9,1
Group_A,45,54534.09,755,0.261,8.0,1
Group_B,44,24805.02,821,0.658,3.6,1
Group_B,32,57022.82,748,0.239,5.5,1
Group_B,38,83507.46,703,0.322,1.7,1
Group_B,35,58358.96,794,0.191,13.9,1
Group_B,36,20000.0,803,0.371,6.3,1
Group_B,47,51029.48,804,0.216,10.6,1
Group_A,28,77868.39,646,0.173,8.0,1
Group_B,45,69824.71,585,0.51,5.8,1
Group_A,37,44882.14,641,0.089,5.6,1
Group_A,49,49824.87,729,0.626,3.1,1
Group_A,28,52607.24,691,0.283,4.2,1
Group_A,35,48071.15,666,0.424,2.0,1
Group_B,47,23465.87,719,0.311,1.5,0
Group_B,27,73744.64,577,0.086,14.3,1
Group_B,23,82627.08,690,0.274,7.1,1
Group_A,49,32667.92,758,0.15,11.9,1
Group_A,44,82389.35,718,0.294,2.8,1
Group_A,23,58145.58,728,0.265,1.0,0
Group_A,40,82052.38,792,0.094,2.1,1
Group_B,35,60683.11,675,0.661,4.3,1
Group_B,45,62439.8,634,0.523,6.1,1
Group_B,50,66703.82,763,0.195,5.4,1
Group_A,34,45778.81,762,0.232,2.9,1
Group_B,27,81504.13,719,0.198,6.4,1
Group_B,37,39815.15,669,0.263,6.7,1
Group_B,40,52762.8,680,0.131,8.8,1
Group_B,56,69436.76,591,0.258,11.9,1
Group_A,29,50834.49,758,0.227,4.5,1
Group_A,58,73995.56,755,0.36,10.9,1
Group_A,42,84765.59,588,0.58,6.3,1
Group_B,22,78225.83,741,0.644,0.0,1
Group_A,44,25149.92,708,0.284,13.1,1
Group_A,28,62265.25,608,0.508,15.1,1
Group_A,31,78516.29,596,0.701,8.5,1
Group_A,33,36298.52,706,0.209,6.4,1
Group_B,37,73024.99,652,0.099,4.9,1
Group_B,28,72014.29,807,0.156,4.1,1
Group_A,41,38182.38,747,0.047,10.8,1
Group_A,38,75016.19,713,0.58,5.9,1
Group_A,50,64908.56,717,0.432,12.7,1
Group_A,38,71706.87,773,0.527,6.1,1
Group_A,51,42606.38,739,0.399,4.4,1
Group_A,58,62702.45,715,0.083,3.6,1
Group_A,52,29312.19,611,0.247,3.0,1
Group_B,31,20000.0,850,0.568,8.1,1
Group_B,45,62534.91,603,0.391,0.8,1
Group_A,53,79810.76,658,0.333,2.7,1
Group_A,58,64552.86,564,0.113,11.3,1
Group_B,28,58857.97,718,0.064,2.2,1
Group_B,31,56624.39,691,0.332,9.5,1
Group_B,42,43033.82,734,0.502,0.0,1
Group_B,44,56006.5,558,0.57,11.8,0
Group_A,37,67590.32,758,0.278,0.9,1
Group_A,32,52166.0,623,0.643,2.5,1
Group_B,52,73510.56,670,0.109,8.7,1
Group_A,35,63527.55,745,0.514,7.1,1
Group_B,36,65705.63,698,0.121,9.6,1
Group_B,42,75995.93,703,0.113,0.9,1
Group_B,48,50518.4,736,0.356,4.9,0
Group_A,40,71868.85,710,0.186,3.5,1
Group_B,53,53043.42,656,0.182,1.6,1
Group_A,30,66111.26,668,0.305,8.4,1
Group_B,60,48376.12,695,0.399,9.8,0
Group_B,52,43607.33,617,0.367,4.7,1
Group_A,53,61653.57,750,0.106,12.1,1
Group_B,22,26066.4,700,0.47,2.9,1
Group_B,53,54667.19,685,0.565,12.0,1
Group_A,53,31085.21,763,0.509,8.2,1
Group_A,33,74026.21,672,0.208,1.1,1
Group_A,50,78901.99,667,0.299,13.9,1
Group_A,53,44448.88,646,0.162,4.2,1
Group_A,33,67709.63,704,0.355,10.8,1
Group_B,46,76184.44,702,0.394,6.6,1
Group_A,42,76244.45,633,0.392,7.5,1
Group_A,59,63860.12,668,0.524,9.6,0
Group_B,22,73217.48,634,0.219,9.4,1
Group_A,58,48312.04,631,0.438,4.6,0
Group_B,59,61496.2,559,0.465,8.1,0
Group_A,46,51592.14,664,0.219,7.8,1
Group_A,35,46791.82,561,0.171,6.9,1
Group_B,54,60649.14,648,0.635,5.2,1
Group_B,60,66255.55,637,0.411,6.8,1
Group_B,31,80943.16,754,0.302,13.9,1
Group_B,23,64772.8,609,0.192,4.8,1
Group_B,26,71554.75,627,0.317,10.8,1
Group_A,29,71759.1,653,0.055,3.5,1
Group_A,26,108375.62,639,0.116,2.5,1
Group_B,29,27419.42,776,0.179,19.1,1
Group_B,59,47617.19,600,0.481,8.2,1
Group_B,51,86533.01,653,0.437,8.3,0
Group_A,52,53663.76,703,0.442,8.4,1
Group_A,32,75944.46,742,0.07,11.6,1
Group_B,28,64140.17,653,0.165,7.6,1
Group_A,28,97893.64,546,0.502,9.3,1
Group_B,48,39965.02,669,0.28,1.8,1
Group_B,40,81992.41,775,0.589,9.9,1
Group_A,27,91492.46,700,0.088,5.1,1
Group_B,31,41740.46,697,0.15,8.7,1
Group_B,40,74091.66,606,0.441,0.0,0
Group_A,36,42621.04,598,0.159,8.5,1
Group_B,24,60542.91,681,0.287,0.0,1
Group_B,26,55381.42,580,0.342,4.9,0
Group_B,42,20000.0,735,0.451,0.0,1
Group_A,46,67636.22,621,0.167,8.5,1
Group_B,23,62580.11,678,0.176,6.3,0
Group_A,34,86623.42,548,0.506,2.9,0
Group_A,31,71000.59,652,0.618,11.7,0
Group_B,38,101235.91,597,0.293,2.4,0
Group_A,32,61926.76,517,0.423,0.0,1
Group_A,43,58100.46,718,0.254,8.1,1
Group_B,32,56681.58,795,0.168,0.0,1
Group_B,33,52087.4,759,0.397,2.5,0
Group_B,45,20260.48,728,0.262,3.9,1
Group_B,39,56036.5,651,0.321,0.3,1
Group_A,56,22778.61,736,0.174,4.0,1
Group_A,28,68136.6,766,0.369,0.4,1
Group_A,49,37678.91,690,0.167,6.6,1
Group_B,52,43902.01,597,0.705,1.1,0
Group_B,38,47950.62,645,0.31,6.1,0
Group_B,26,56311.17,799,0.36,10.6,1
Group_B,38,60123.63,675,0.376,9.1,1
Group_A,39,79520.63,447,0.096,5.7,0
Group_A,42,49604.46,577,0.34,2.0,1
Group_A,57,68642.63,650,0.278,6.6,1
Group_B,52,109155.61,753,0.361,3.2,1
Group_A,23,66792.31,661,0.221,6.8,1
Group_B,48,56751.18,754,0.322,0.0,1
Group_A,30,45975.27,643,0.052,9.2,1
Group_A,55,56502.03,542,0.453,6.1,1
Group_A,49,44048.03,646,0.467,14.8,1
Group_B,35,64835.91,704,0.451,11.2,1
Group_B,53,61863.79,698,0.403,8.3,1
Group_A,27,21080.05,592,0.119,5.5,0
Group_A,32,59665.96,655,0.431,3.1,0
Group_B,50,79370.63,850,0.339,9.8,1
Group_A,41,52815.99,594,0.517,5.1,1
Group_B,51,48247.86,726,0.055,10.7,1
Group_B,44,35201.39,533,0.126,7.6,0
Group_A,40,26556.14,740,0.203,7.6,1
Group_A,57,74964.29,618,0.432,8.4,0
Group_B,24,56733.39,708,0.604,2.3,1
Group_A,48,73896.39,590,0.399,1.9,0
Group_A,40,87563.83,700,0.179,1.8,1
Group_B,44,76582.46,616,0.134,10.2,1
Group_B,52,50237.3,630,0.183,2.2,1
Group_B,56,62607.62,711,0.142,2.7,1
Group_B,54,48934.09,650,0.247,8.2,0
Group_A,56,47250.81,707,0.182,5.0,1
Group_A,22,66170.67,667,0.228,4.5,1
Group_B,35,45018.71,685,0.181,4.1,1
Group_B,54,20235.27,711,0.04,0.0,1
Group_A,56,44013.34,655,0.409,2.1,1
Group_B,26,54476.14,610,0.361,10.7,1
Group_A,59,87385.17,643,0.223,3.8,1
Group_A,32,51163.13,764,0.407,0.0,0
Group_A,23,69214.63,688,0.099,2.0,1
Group_A,38,56970.45,621,0.552,7.4,0
Group_A,60,82075.29,708,0.484,7.4,1
Group_A,41,80827.73,713,0.254,4.8,1
Group_A,35,81171.15,716,0.166,3.2,1
Group_B,53,28788.3,612,0.452,0.4,0
Group_B,55,63721.03,632,0.088,7.5,1
Group_B,46,73660.89,633,0.306,9.4,1
Group_B,28,66867.69,655,0.111,11.2,1
Group_A,56,71458.73,718,0.484,1.6,1
Group_A,50,61050.32,701,0.052,11.5,1
Group_B,43,46593.88,706,0.319,5.8,1
Group_A,34,29452.25,775,0.161,6.1,1
Group_B,34,48379.75,728,0.39,9.6,1
Group_A,22,108205.98,670,0.198,3.8,1
Group_B,57,51258.28,597,0.298,0.0,0
Group_A,25,24730.98,630,0.341,8.8,0
Group_B,58,73187.69,662,0.262,7.4,1
Group_B,34,75398.28,738,0.205,4.6,0
Group_B,59,83171.84,678,0.415,8.5,1
Group_A,45,68477.61,634,0.363,9.3,1
Group_B,40,75220.83,629,0.242,0.0,0
Group_B,22,93123.91,675,0.305,6.1,1
Group_B,59,46581.48,742,0.136,0.0,0
Group_B,26,43010.69,791,0.289,5.5,1
Group_B,37,40297.44,666,0.203,4.5,0
Group_A,45,55216.15,677,0.168,8.0,1
Group_B,48,85801.6,595,0.245,1.7,0
Group_B,22,69505.23,816,0.138,4.3,1
Group_B,55,68796.46,582,0.533,0.0,1
Group_A,57,27252.46,762,0.087,8.2,1
Group_A,25,47522.64,654,0.472,5.6,1
Group_B,21,26958.16,638,0.108,6.3,1
Group_B,60,81082.42,602,0.55,0.0,1
Group_A,32,88541.64,849,0.084,7.6,1
Group_B,56,74032.2,696,0.161,12.6,1
Group_A,43,42237.85,681,0.594,5.3,1
Group_A,51,86676.4,742,0.748,8.6,1
Group_A,31,55441.41,634,0.311,2.5,1
Group_A,30,38139.73,680,0.395,5.7,1
Group_B,23,42640.72,684,0.369,0.0,1
Group_A,34,52257.18,644,0.14,9.2,1
Group_B,36,60892.41,764,0.272,6.6,1
Group_B,30,57095.8,665,0.319,1.1,1
Group_B,49,34571.97,571,0.036,2.8,1
Group_B,30,81839.7,659,0.367,6.2,0
Group_A,32,57289.09,697,0.114,9.7,1
Group_B,50,47152.43,617,0.114,11.9,1
Group_B,21,79985.44,623,0.159,5.5,1
Group_A,25,38698.69,642,0.444,0.5,1
Group_B,40,30679.98,765,0.199,7.0,1
Group_B,28,82904.77,646,0.425,13.1,1
Group_B,32,94044.98,780,0.397,0.0,1
Group_B,21,51682.27,637,0.536,2.2,1
Group_B,40,59172.54,703,0.183,8.4,1
Group_A,48,39360.04,649,0.252,6.6,1
Group_B,57,60098.87,733,0.153,3.8,0
Group_B,57,51437.31,602,0.092,6.9,1
Group_A,32,58161.69,732,0.584,9.9,1
Group_A,57,67366.65,688,0.305,5.6,1
Group_A,48,40233.38,635,0.142,5.3,1
Group_B,35,53487.4,668,0.135,8.4,1
Group_B,26,27531.93,787,0.235,4.9,1
Group_A,40,53610.23,690,0.527,10.6,1
Group_B,34,58318.19,631,0.57,14.1,1
Group_A,22,64121.68,596,0.639,2.4,0
Group_B,29,64312.38,715,0.5,1.0,1
Group_B,57,76270.61,694,0.275,7.5,0
Group_B,40,32286.0,729,0.582,0.9,1
Group_A,46,33247.01,578,0.42,0.8,0
Group_A,49,69521.24,598,0.494,0.0,0
Group_A,21,23298.7,760,0.501,4.5,0
Group_A,55,63299.4,703,0.159,5.9,1
Group_B,26,38754.73,717,0.503,3.9,0
Group_B,57,88310.66,613,0.716,11.6,1
Group_B,25,64508.14,611,0.148,11.3,1
Group_B,53,56055.19,749,0.155,13.7,1
Group_B,34,82098.98,753,0.398,6.2,1
Group_B,32,40858.76,604,0.091,10.7,0
Group_B,40,44278.63,590,0.47,7.2,1
Group_B,44,37293.81,672,0.191,6.8,1
Group_A,54,44429.29,624,0.483,4.1,1
Group_A,45,61100.08,623,0.362,0.0,1
Group_A,49,68891.13,592,0.236,8.5,1
Group_B,59,77305.59,647,0.527,10.6,1
Group_B,51,27154.97,599,0.285,0.0,0
Group_A,43,56906.47,603,0.549,6.0,1
Group_B,58,40053.04,701,0.291,10.0,0
Group_B,40,56304.83,676,0.289,4.6,1
Group_A,43,102014.94,714,0.194,10.8,1
Group_A,36,65253.51,565,0.257,5.4,1
Group_B,28,76190.37,681,0.285,3.9,1
Group_B,41,95292.44,825,0.514,11.0,1
Group_B,21,80292.45,654,0.152,2.3,1
Group_B,28,51937.54,738,0.129,3.1,1
Group_B,49,37035.02,737,0.154,2.4,1
Group_B,52,59457.4,741,0.385,1.4,1
Group_B,58,49781.3,692,0.302,6.6,1
Group_B,25,32558.62,720,0.344,3.9,0
Group_A,42,64336.65,729,0.62,8.0,1
Group_A,54,64785.95,724,0.161,0.0,1
Group_A,21,91844.1,602,0.359,1.5,1
Group_B,46,53488.26,560,0.461,6.2,0
Group_B,30,65042.19,571,0.373,11.9,1
Group_B,50,48021.26,661,0.103,7.5,1
Group_A,38,75717.05,722,0.491,3.6,1
Group_A,37,57756.88,603,0.374,0.0,0
Group_A,46,38893.35,745,0.152,3.4,1
Group_A,28,59757.51,645,0.557,5.8,1
Group_B,60,67029.41,646,0.096,0.0,1
Group_A,32,64594.92,621,0.068,1.1,1
Group_A,47,78826.14,548,0.292,3.0,0
Group_B,28,33934.99,696,0.241,5.0,1
Group_A,45,44830.63,800,0.231,5.8,1
Group_B,24,71516.17,676,0.434,3.6,1
Group_B,53,46945.16,550,0.361,8.0,1
Group_A,21,64328.48,735,0.327,6.5,1
Group_B,39,20000.0,566,0.045,4.5,1
Group_B,51,108887.04,595,0.479,8.6,1
Group_B,36,55145.07,663,0.337,8.2,1
Group_A,34,81491.21,689,0.357,0.2,1
Group_B,25,53935.84,609,0.023,5.9,0
Group_A,46,67464.57,661,0.648,9.6,0
Group_A,48,86854.55,730,0.221,10.2,1
Group_A,22,80984.51,740,0.059,7.5,1
Group_B,26,56319.81,768,0.627,5.1,1
Group_A,29,57565.42,814,0.165,7.7,1
Group_A,53,78064.2,737,0.548,9.2,1
Group_B,45,101998.4,665,0.369,6.5,1
Group_A,33,63461.09,740,0.351,6.9,1
Group_A,29,95227.15,713,0.21,5.0,1
Group_A,33,55654.54,715,0.436,0.7,1
Group_A,51,77135.29,692,0.194,5.3,1
Group_A,31,79820.8,616,0.106,3.3,1
Group_A,24,52620.71,608,0.229,3.3,0
Group_B,54,46552.59,673,0.428,11.7,1
Group_A,58,80617.01,690,0.291,9.8,1
Group_A,24,50431.98,632,0.224,0.0,0
Group_B,58,43901.7,710,0.249,1.7,1
Group_A,39,47688.73,826,0.575,4.5,1
Group_B,26,50358.96,558,0.145,3.4,0
Group_A,54,75419.11,721,0.366,7.3,1
Group_A,38,69270.77,675,0.572,1.0,1
Group_A,33,72881.85,712,0.428,9.8,1
Group_A,43,67584.84,650,0.041,5.8,1
Group_A,39,49310.88,670,0.115,4.6,1
Group_A,31,72547.85,689,0.343,5.9,1
Group_A,21,81284.17,659,0.325,4.3,1
Group_A,44,70521.06,574,0.113,0.0,1
Group_A,27,68093.81,664,0.11,6.0,1
Group_A,45,46193.02,581,0.603,4.7,1
Group_A,41,63812.71,726,0.681,2.2,1
Group_B,35,45235.66,549,0.383,10.4,0
Group_B,21,59567.5,752,0.239,8.7,1
Group_A,32,30475.2,710,0.491,15.8,1
Group_B,27,30613.95,710,0.319,9.3,0
Group_B,35,56561.14,528,0.229,3.4,0
Group_A,41,50128.09,657,0.361,2.4,0
Group_B,39,61922.17,761,0.196,4.0,1
Group_B,49,57574.17,644,0.169,3.3,1
Group_A,45,60543.43,605,0.266,6.4,1
Group_A,53,70954.93,635,0.294,0.0,1
Group_B,52,51661.16,675,0.056,8.6,1
Group_B,55,56050.01,620,0.394,6.4,0
Group_A,58,86190.38,766,0.138,8.1,1
Group_A,46,60055.51,675,0.267,1.4,1
Group_A,31,56774.21,641,0.387,7.0,1
Group_A,55,61485.23,589,0.605,11.2,0
Group_B,28,57095.44,714,0.111,2.6,1
Group_A,34,47227.7,712,0.22,2.4,1
Group_A,30,42035.46,625,0.243,8.8,1
Group_B,22,46258.24,523,0.37,2.1,0
Group_A,29,75712.55,709,0.451,5.1,1
Group_A,23,48661.71,667,0.339,11.9,1
Group_B,41,57211.36,704,0.37,2.5,1
Group_B,46,72613.25,817,0.02,12.2,1
Group_B,28,54988.96,678,0.112,4.7,1
Group_B,22,71400.5,644,0.202,1.5,1
Group_A,26,32265.73,600,0.24,8.4,0
Group_A,48,57614.7,658,0.143,6.4,0
Group_B,49,61420.13,691,0.106,6.1,1
Group_A,46,60416.5,684,0.293,2.9,1
Group_A,45,30247.46,801,0.214,6.4,1
Group_A,32,81656.03,715,0.241,0.0,1
Group_A,25,44615.89,671,0.03,6.9,1
Group_A,54,66030.67,631,0.245,11.2,1
Group_A,57,60143.36,699,0.046,0.0,1
Group_A,35,78066.77,617,0.231,4.4,1
Group_A,56,99374.8,693,0.202,2.5,1
Group_B,35,36773.44,714,0.169,0.0,1
Group_B,43,48319.55,665,0.077,0.0,1
Group_B,26,63403.66,636,0.526,1.3,0
Group_B,41,40103.64,527,0.249,5.0,0
Group_A,43,74079.29,760,0.161,10.6,1
Group_A,36,75180.71,708,0.278,0.0,1
Group_B,35,70070.08,710,0.081,7.2,1
Group_B,45,64258.47,571,0.286,6.9,1
Group_B,56,84654.76,777,0.102,12.7,1
Group_A,31,39198.74,647,0.027,8.3,1
Group_A,35,61174.83,660,0.079,8.5,1
Group_A,24,46701.55,605,0.492,8.8,1
Group_A,41,76018.49,555,0.04,2.3,1
Group_B,33,26999.86,761,0.079,3.7,0
Group_B,42,59494.49,770,0.025,10.5,1
Group_A,39,66034.3,668,0.229,0.0,1
Group_B,54,42945.14,632,0.072,3.3,1
Group_B,34,48728.58,654,0.025,0.7,1
Group_A,24,60276.82,656,0.555,6.9,1
Group_A,47,77191.73,596,0.606,4.3,1
Group_A,49,41408.35,660,0.405,8.5,1
Group_A,48,44547.9,691,0.204,5.6,0
Group_A,55,80260.58,751,0.093,0.0,1
Group_A,28,55086.44,681,0.258,0.0,0
Group_A,36,46004.3,570,0.17,6.0,1
Group_A,56,73116.33,705,0.084,2.9,1
Group_B,50,51212.45,662,0.139,3.9,0
Group_A,38,78493.59,776,0.358,9.8,1
Group_B,22,48053.03,780,0.327,9.0,1
Group_A,33,57127.3,783,0.467,13.2,1
Group_B,24,77009.49,641,0.65,4.7,1
Group_A,46,55927.3,819,0.048,3.4,1
Group_A,45,73608.96,705,0.252,7.7,1
Group_B,50,58820.14,794,0.219,3.8,1
Group_B,31,95670.45,645,0.501,3.9,0
Group_B,27,88238.01,659,0.039,5.2,1
Group_A,51,36094.27,699,0.164,12.6,1
Group_A,30,69400.39,691,0.11,8.8,1
Group_B,59,45304.73,768,0.404,9.2,1
Group_B,33,63447.12,664,0.588,12.4,1
Group_B,51,61230.67,762,0.094,9.6,1
Group_B,27,41003.03,731,0.222,1.5,1
Group_A,56,79052.72,665,0.417,9.5,1
Group_B,40,63659.45,726,0.055,10.1,1
Group_A,24,54875.71,647,0.544,8.6,0
Group_A,27,52114.02,845,0.077,5.2,1
Group_A,21,62515.99,493,0.106,8.2,0
Group_B,33,67342.65,727,0.398,5.9,1
Group_A,42,57750.44,556,0.476,2.1,1
Group_A,41,20000.0,664,0.483,3.1,1
Group_B,42,60304.03,674,0.02,8.8,1
Group_A,48,34053.32,786,0.054,2.4,0
Group_B,29,56229.85,632,0.24,2.8,1
Group_A,46,34717.84,772,0.549,9.0,1
Group_A,29,34503.04,597,0.145,6.5,1
Group_B,35,82232.19,774,0.321,8.3,1
Group_A,30,54238.34,647,0.082,1.1,1
Group_A,44,52860.08,685,0.059,8.2,1
Group_A,28,68685.43,656,0.105,3.4,1
Group_A,44,53329.37,770,0.062,1.9,1
Group_B,36,97868.51,756,0.199,4.0,1
Group_A,46,55085.64,711,0.569,11.4,1
Group_B,47,66572.26,599,0.152,4.5,1
Group_A,57,77476.94,630,0.384,14.8,1
Group_B,24,88840.56,608,0.055,0.0,1
Group_B,44,46643.89,523,0.131,0.0,0
Group_B,39,52476.66,768,0.102,11.3,1
Group_A,56,82942.65,657,0.231,12.3,1
Group_A,59,74581.12,656,0.187,2.5,1
Group_A,30,79353.17,785,0.384,6.3,1
Group_B,45,35363.32,647,0.543,8.8,1
Group_B,38,87864.0,621,0.187,5.1,1
Group_B,39,46294.66,664,0.07,6.6,1
Group_A,56,63461.27,601,0.436,6.0,1
Group_B,30,57331.99,704,0.115,0.1,1
Group_B,53,44187.31,654,0.466,4.6,1
Group_A,25,34574.36,644,0.289,6.0,0
Group_A,55,28610.73,638,0.116,6.4,1
Group_B,54,62142.33,673,0.554,0.0,0
Group_B,53,32544.26,686,0.622,9.0,1
Group_B,41,39591.32,644,0.121,6.5,1
Group_A,37,56075.35,655,0.224,1.8,1
Group_B,42,20000.0,674,0.451,13.2,1
Group_A,57,74021.63,667,0.175,4.6,1
Group_A,35,20000.0,682,0.273,4.9,1
Group_A,55,58607.3,633,0.296,8.6,1
Group_B,48,60270.35,750,0.197,13.5,1
Group_B,27,69685.11,687,0.262,8.7,1
Group_B,52,59249.75,645,0.284,9.3,1
Group_A,31,96322.34,704,0.111,2.0,1
Group_B,30,63893.7,675,0.398,6.3,1
Group_A,29,78965.02,559,0.567,3.9,1
Group_B,34,46977.67,704,0.527,8.8,1
Group_A,33,62173.62,609,0.274,9.2,1
Group_A,45,87856.26,745,0.528,12.5,1
Group_A,22,55721.49,663,0.299,0.0,1
Group_A,55,63460.23,735,0.176,3.5,1
Group_B,27,77655.36,636,0.078,11.2,1
Group_B,41,46639.87,685,0.26,0.4,1
Group_A,38,21091.91,765,0.319,9.2,1
Group_B,23,64600.33,661,0.127,10.5,1
Group_A,59,77796.05,639,0.186,5.9,1
Group_B,31,35673.98,726,0.3,0.3,1
Group_B,59,72063.96,724,0.384,5.5,1
Group_B,44,72185.39,642,0.347,11.8,1
Group_A,39,20000.0,541,0.37,12.2,1
Group_B,24,43146.8,637,0.429,6.8,0
Group_B,46,52875.08,727,0.096,2.1,1
Group_A,58,56766.77,626,0.135,13.0,1
Group_A,52,46623.58,679,0.104,9.3,1
Group_B,59,45653.95,634,0.485,2.4,0
Group_B,56,90086.69,545,0.287,7.4,1
Group_B,60,58063.94,633,0.164,7.2,1
Group_B,57,47489.21,727,0.092,3.5,1
Group_B,53,59258.95,514,0.265,7.4,0
Group_A,56,69667.63,698,0.154,10.4,1
Group_A,23,60929.27,597,0.445,4.8,0
Group_A,29,56296.9,723,0.453,10.8,1
Group_B,28,48299.7,730,0.232,0.0,1
Group_A,53,48081.64,668,0.25,14.9,1
Group_B,26,49239.45,668,0.552,6.2,1
Group_B,59,66098.66,624,0.433,10.3,1
Group_B,24,42104.76,586,0.441,6.9,0
Group_A,33,67078.85,799,0.439,2.7,1
Group_B,22,85433.91,619,0.084,5.9,1
Group_A,25,65862.73,790,0.096,0.0,1
Group_B,47,53347.46,620,0.124,8.8,1
Group_A,52,36633.72,717,0.297,6.8,1
Group_A,41,88405.92,600,0.35,5.2,1
Group_B,28,38939.68,717,0.188,9.0,1
Group_A,58,75274.12,657,0.604,6.2,1
Group_A,28,71493.32,658,0.138,8.4,1
Group_B,23,55738.17,723,0.58,9.8,1
Group_B,23,55266.38,647,0.085,3.8,0
Group_B,42,26957.2,580,0.267,2.7,1
Group_B,26,65941.17,733,0.047,0.0,0
Group_B,22,71158.67,600,0.06,6.5,1
Group_A,43,40396.56,716,0.482,7.8,1
Group_A,22,57195.21,748,0.258,0.7,1
Group_A,58,60681.51,654,0.061,11.7,1
Group_B,37,70522.31,763,0.229,2.7,1
Group_B,55,60068.46,714,0.125,0.0,1
Group_A,54,30726.25,631,0.738,12.0,1
Group_A,43,50461.12,778,0.524,0.0,1
Group_B,50,64043.26,600,0.654,9.9,1
Group_A,28,75147.51,654,0.415,8.9,1
Group_B,42,48882.54,666,0.367,7.3,1
Group_B,56,99377.7,722,0.147,3.9,1
Group_B,25,25899.48,758,0.033,8.0,1
Group_A,33,49853.4,754,0.351,10.2,1
Group_B,49,58505.4,696,0.431,2.1,0
Group_B,51,56386.52,660,0.354,9.9,1
Group_B,36,37821.44,552,0.519,9.7,1
Group_B,50,68061.51,588,0.18,7.2,1
Group_B,36,66679.69,804,0.295,3.8,1
Group_B,32,60863.31,551,0.104,9.7,1
Group_A,37,65973.19,625,0.299,8.0,1
Group_B,36,52372.02,760,0.49,1.9,0
Group_B,32,30887.47,695,0.301,4.5,1
Group_A,28,47100.48,745,0.245,9.3,1
Group_B,40,62826.98,718,0.185,6.5,1
Group_B,23,62929.4,783,0.409,10.3,1
Group_B,36,60744.82,701,0.157,4.6,0
Group_A,50,69876.75,726,0.544,2.0,1
Group_A,43,49539.37,629,0.656,14.8,1
Group_B,48,60480.26,721,0.143,0.0,1
Group_B,60,70297.67,652,0.189,4.0,1
Group_A,25,58471.98,648,0.102,7.1,1
Group_B,40,37620.17,743,0.474,9.9,0
Group_B,60,42693.21,743,0.072,8.6,1
Group_B,21,74955.34,798,0.265,15.2,1
Group_B,50,85064.5,794,0.107,5.5,1
Group_A,41,81155.1,744,0.347,2.5,1
Group_A,40,64178.81,560,0.43,5.1,1
Group_A,26,38343.61,808,0.294,4.7,1
Group_B,42,59885.67,744,0.027,5.7,1
Group_A,38,88120.59,626,0.349,2.1,1
Group_A,28,71132.79,731,0.032,9.1,1
Group_A,59,56265.4,607,0.248,7.5,0
Group_B,52,71315.25,723,0.31,0.9,1
Group_B,53,37150.89,588,0.097,9.9,0
Group_A,36,47477.92,623,0.161,2.8,1
Group_A,32,40484.55,730,0.33,1.3,0
Group_B,58,68452.29,755,0.617,6.3,1
Group_A,54,72853.86,703,0.599,0.0,1
Group_A,34,57231.13,660,0.263,8.4,1
Group_A,56,44287.27,532,0.244,0.0,0
Group_A,53,59644.52,665,0.095,1.9,1
Group_A,43,51241.56,717,0.121,12.3,1
Group_A,22,45668.93,658,0.257,3.3,1
Group_A,41,66101.89,678,0.495,4.0,1
Group_B,22,46356.14,667,0.292,11.1,0
Group_A,47,31805.7,657,0.157,2.8,1
Group_B,29,35805.94,685,0.154,9.1,0
Group_B,21,31141.31,661,0.201,10.7,1
Group_A,31,64455.21,781,0.135,7.9,1
Group_B,23,62707.3,526,0.103,0.2,0
Group_A,43,61809.36,642,0.128,3.6,1
Group_B,46,70579.17,619,0.261,16.9,0
Group_A,24,81455.26,695,0.078,4.0,1
Group_A,38,49339.2,685,0.046,17.9,1
Group_A,26,67316.59,794,0.296,12.8,1
Group_B,55,31566.92,817,0.236,8.1,1
Group_B,42,84816.78,626,0.462,7.2,0
Group_B,35,37593.04,680,0.558,4.1,1
Group_A,42,47218.54,694,0.139,5.6,0
Group_B,57,49241.23,624,0.353,3.2,0
Group_A,32,32527.12,724,0.075,5.7,1
Group_B,58,60586.36,663,0.124,0.6,0
Group_A,38,63850.27,605,0.284,0.3,1
Group_A,55,56590.55,660,0.318,11.2,1
Group_A,50,32275.54,610,0.1,0.0,1
Group_A,44,95700.95,753,0.44,9.5,1
Group_B,50,69886.15,813,0.521,0.0,1
Group_A,34,107416.0,697,0.245,8.5,1
Group_B,26,45508.03,688,0.102,5.2,1
Group_A,23,77241.88,691,0.054,11.3,1
Group_B,36,74026.93,763,0.817,4.7,1
Group_A,27,54769.65,761,0.058,0.0,1
Group_A,34,85398.92,672,0.046,5.2,1
Group_B,29,52702.62,698,0.218,6.6,1
Group_A,35,53503.95,726,0.185,5.5,0
Group_A,41,20000.0,600,0.204,8.3,1
Group_B,55,67362.5,765,0.156,3.7,1
Group_B,22,36140.82,801,0.658,0.9,0
Group_A,47,50087.02,762,0.646,2.0,1
Group_A,22,41528.05,593,0.43,3.9,0
Group_B,55,53407.83,542,0.444,3.9,0
Group_A,38,67989.84,730,0.378,15.6,1
Group_A,34,60200.55,627,0.165,11.0,1
Group_A,40,72773.54,700,0.14,8.7,1
Group_B,38,82781.33,787,0.32,7.8,1
Group_B,30,53361.67,634,0.087,7.2,1
Group_A,45,51385.79,654,0.315,7.2,1
Group_A,22,77239.1,699,0.372,6.7,1
Group_A,45,78666.85,589,0.079,6.2,1
Group_B,53,73330.64,627,0.168,0.0,1
Group_A,56,42860.78,682,0.253,4.5,1
Group_A,51,67607.79,659,0.128,5.0,1
Group_B,34,61970.47,723,0.067,3.0,1
Group_A,21,78945.52,850,0.131,3.8,1
Group_B,36,49688.3,687,0.721,7.2,1
Group_A,23,30001.01,621,0.156,9.1,1
Group_A,55,72424.26,779,0.635,7.2,1
Group_A,26,20000.0,569,0.333,9.0,1
Group_B,45,46832.76,583,0.453,9.0,0
Group_B,33,41582.48,638,0.225,4.8,0
Group_B,54,41461.18,660,0.47,8.1,1
Group_A,28,46517.43,637,0.124,0.0,0
Group_B,41,81912.72,678,0.444,4.5,1
Group_A,54,74770.0,699,0.201,4.0,1
Group_A,24,55468.85,755,0.188,12.1,1
Group_B,45,80405.22,686,0.252,7.3,1
Group_A,35,40878.65,641,0.393,0.7,1
Group_A,24,38430.9,751,0.09,8.4,1
Group_A,32,75544.74,623,0.116,9.6,1
Group_A,52,70433.58,566,0.265,5.6,1
Group_A,52,51715.26,764,0.372,8.8,1
Group_B,48,39561.7,760,0.347,0.0,1
Group_A,33,86275.17,625,0.187,0.0,1
Group_B,51,29038.15,652,0.373,1.3,1
Group_B,34,49228.33,616,0.385,6.6,1
Group_A,40,64114.38,703,0.174,12.1,1
Group_A,38,92438.97,801,0.293,1.5,1
Group_A,49,66895.8,729,0.21,2.6,1
Group_B,26,68645.48,753,0.39,6.4,1
Group_A,52,49751.09,737,0.092,4.0,0
Group_B,49,70232.64,680,0.174,3.8,1
Group_A,22,61895.57,756,0.363,4.3,1
Group_B,43,31407.64,732,0.364,11.3,1
Group_A,39,74272.83,781,0.191,10.5,1
Group_A,51,77467.08,648,0.122,6.1,1
Group_B,25,74460.57,558,0.294,12.6,0
Group_B,39,60599.9,753,0.35,8.0,1
Group_A,54,42788.82,704,0.185,10.6,1
Group_B,30,20000.0,659,0.18,2.6,0
Group_A,45,62826.96,663,0.358,3.4,0
Group_B,22,79474.96,850,0.469,3.3,1
Group_B,31,77919.58,635,0.379,5.7,1
Group_A,51,74689.31,620,0.181,6.2,1
Group_A,35,58664.2,686,0.181,7.3,1
Group_A,29,79574.36,763,0.182,13.9,1
Group_B,43,76634.91,839,0.179,8.9,1
Group_B,39,52392.6,726,0.107,3.9,1
Group_A,29,72178.76,591,0.346,6.0,1
Group_A,55,50352.74,818,0.265,12.0,0
Group_B,41,69720.44,679,0.403,9.1,1
Group_B,29,36615.9,621,0.164,12.0,0
Group_B,48,38000.19,604,0.264,4.1,0
Group_A,27,79047.73,739,0.289,3.2,1
Group_A,36,76876.08,697,0.068,3.2,1
Group_A,36,71405.01,704,0.365,4.4,1
Group_B,53,61583.44,770,0.54,1.7,1
Group_A,24,20000.0,624,0.258,7.2,1
Group_B,24,58652.23,776,0.419,7.2,1
Group_A,59,68175.3,644,0.055,11.4,1
Group_B,60,50374.8,831,0.315,0.0,1
Group_B,37,47175.1,722,0.09,2.2,1
Group_B,57,85999.57,616,0.689,9.2,1
Group_A,59,58914.8,538,0.082,6.7,1
Group_A,49,68186.31,737,0.085,6.2,1
Group_A,56,73934.37,654,0.219,11.1,1
Group_B,58,41974.13,669,0.031,2.0,0
Group_B,59,63477.73,734,0.227,3.1,1
Group_B,57,83753.6,751,0.202,2.6,1
Group_B,55,92746.02,766,0.468,0.0,1
Group_B,27,60718.86,598,0.386,6.5,0
Group_A,47,55717.02,780,0.17,3.9,1
Group_B,48,64842.43,639,0.163,3.1,1
Group_A,42,64385.47,522,0.041,2.3,1
Group_A,34,84961.65,598,0.354,5.9,1
Group_B,27,42064.95,695,0.294,2.8,1
Group_A,57,54962.28,611,0.064,6.9,1
Group_A,42,39891.46,674,0.134,7.8,1
Group_B,25,41782.29,704,0.511,4.8,1
Group_A,22,66778.33,667,0.33,4.6,1
Group_B,47,74577.44,645,0.428,6.7,1
Group_A,41,48310.95,592,0.335,5.9,1
Group_A,58,73897.71,682,0.117,11.3,1
Group_A,35,80008.42,535,0.096,7.3,1
Group_A,41,94824.71,632,0.184,10.4,1
Group_B,30,61255.44,615,0.076,8.4,1
Group_A,43,48484.24,663,0.492,0.7,1
Group_B,59,41955.51,665,0.154,3.8,0
Group_A,25,40167.72,747,0.173,5.8,1
Group_B,21,82496.05,791,0.39,9.5,0
Group_B,33,32728.28,602,0.216,13.7,0
Group_B,41,81919.47,819,0.415,4.1,1
Group_A,46,44368.06,625,0.13,6.2,1
Group_A,41,47666.29,692,0.191,9.2,1
Group_A,38,57272.0,716,0.191,5.8,1
Group_B,57,47334.22,850,0.444,12.6,1
Group_A,52,76775.64,642,0.341,0.6,1
Group_A,56,92640.19,554,0.105,8.7,1
Group_B,37,48166.22,784,0.117,8.7,1
Group_A,55,52219.72,622,0.444,10.6,0
Group_B,31,57060.23,655,0.148,6.2,1
Group_A,41,69739.02,602,0.254,9.6,1
Group_A,46,57237.28,655,0.622,5.0,1
Group_B,24,84970.63,621,0.665,2.8,1
Group_A,54,80639.23,727,0.588,2.2,1
Group_B,38,38661.68,686,0.249,0.2,1
Group_A,60,69377.43,632,0.367,4.2,0
Group_A,55,87366.11,750,0.364,7.2,1
Group_B,49,51093.94,698,0.162,5.2,1
Group_B,49,54703.23,551,0.286,6.8,0
Group_B,58,50495.33,744,0.196,10.9,1
Group_A,41,50872.64,693,0.253,3.9,1
Group_B,33,29967.87,777,0.132,15.4,1
Group_A,37,36090.33,689,0.087,9.0,1
Group_A,29,61394.53,625,0.389,5.2,1
Group_B,21,87244.76,666,0.218,5.1,1
Group_A,22,48959.51,736,0.195,2.0,1
Group_B,49,48430.37,626,0.337,5.9,1
Group_A,53,90627.38,649,0.266,0.0,1
